{
    "SVEUČILIŠTE SJEVER": {
        "X": 46.174191773558846,
        "Y": 16.843304336071014
    }
}