{
    "0": [
        46.1651788203841,
        16.816763877868652
    ],
    "1": [
        46.17186554517078,
        16.82204246520996
    ],
    "2": [
        46.199853500459646,
        16.87079429626465
    ],
    "3": [
        46.23109284600711,
        16.92495346069336
    ],
    "4": [
        46.247833618666895,
        16.945295333862305
    ]
}