{
    "0": [
        45.80451181525245,
        15.978498458862305
    ],
    "1": [
        45.80511014519031,
        15.989441871643066
    ],
    "2": [
        45.81405441157955,
        16.024718284606934
    ],
    "3": [
        45.81749413159442,
        16.043429374694824
    ],
    "4": [
        45.82144207005869,
        16.06677532196045
    ],
    "5": [
        45.82634669457279,
        16.09673023223877
    ],
    "6": [
        45.826645743066265,
        16.101880073547363
    ],
    "7": [
        45.82470189914193,
        16.11042022705078
    ],
    "8": [
        45.814203969041735,
        16.154193878173828
    ],
    "9": [
        45.80511014519031,
        16.191787719726562
    ],
    "10": [
        45.80059259526096,
        16.21131420135498
    ],
    "11": [
        45.80029340683598,
        16.214704513549805
    ],
    "12": [
        45.801310640926054,
        16.234703063964844
    ],
    "13": [
        45.80202867733724,
        16.243586540222164
    ],
    "14": [
        45.803853237588676,
        16.271610260009766
    ],
    "15": [
        45.826705145429486,
        16.31495475769043
    ],
    "16": [
        45.861503376070985,
        16.379928588867188
    ],
    "17": [
        45.86981107366621,
        16.389970779418945
    ],
    "18": [
        45.872321068979325,
        16.397781372070312
    ],
    "19": [
        45.873755301122564,
        16.410398483276367
    ],
    "20": [
        45.875249253580094,
        16.438636779785156
    ],
    "21": [
        45.874830950940265,
        16.447649002075195
    ],
    "22": [
        45.876205362076156,
        16.45580291748047
    ],
    "23": [
        45.88074665278569,
        16.46378517150879
    ],
    "24": [
        45.89956515055146,
        16.478805541992188
    ],
    "25": [
        45.9208253654053,
        16.486873626708984
    ],
    "26": [
        45.99910487561994,
        16.535797119140625
    ],
    "27": [
        46.01198215450505,
        16.54918670654297
    ],
    "28": [
        46.01579706887831,
        16.56085968017578
    ],
    "29": [
        46.03105409478646,
        16.598281860351562
    ],
    "30": [
        46.04773664579966,
        16.61579132080078
    ],
    "31": [
        46.05440825588391,
        16.635360717773438
    ],
    "32": [
        46.05988790415052,
        16.642913818359375
    ],
    "33": [
        46.0806103508143,
        16.656646728515625
    ],
    "34": [
        46.08608982995087,
        16.653127670288086
    ],
    "35": [
        46.09620903043224,
        16.65879249572754
    ],
    "36": [
        46.09656614476497,
        16.664714813232422
    ],
    "37": [
        46.095970952925605,
        16.67123794555664
    ],
    "38": [
        46.098589748966276,
        16.678619384765625
    ],
    "39": [
        46.097458920478736,
        16.696557998657227
    ],
    "40": [
        46.10222014683601,
        16.71595573425293
    ],
    "41": [
        46.107397513822214,
        16.72445297241211
    ],
    "42": [
        46.11251489295897,
        16.732091903686523
    ],
    "43": [
        46.11739381197683,
        16.749086380004883
    ],
    "44": [
        46.138332557512456,
        16.78882598876953
    ],
    "45": [
        46.144933749871335,
        16.800670623779297
    ],
    "46": [
        46.1651788203841,
        16.816763877868652
    ]
}