{
    "0": [
        46.384492580823114,
        16.420440673828125
    ],
    "1": [
        46.38477381496832,
        16.411492824554443
    ],
    "2": [
        46.38443337345003,
        16.409518718719482
    ],
    "3": [
        46.38391530619653,
        16.408402919769287
    ],
    "4": [
        46.38323441032937,
        16.407480239868164
    ],
    "5": [
        46.37260541319844,
        16.399197578430176
    ],
    "6": [
        46.361396834358516,
        16.39035701751709
    ],
    "7": [
        46.34925284616086,
        16.380808353424072
    ],
    "8": [
        46.33694319753409,
        16.37110948562622
    ],
    "9": [
        46.32554948911537,
        16.36214017868042
    ],
    "10": [
        46.30560108217518,
        16.346755027770996
    ],
    "11": [
        46.30143560123208,
        16.343708038330078
    ],
    "12": [
        46.30030893983441,
        16.34364366531372
    ],
    "13": [
        46.29927120487822,
        16.34392261505127
    ],
    "14": [
        46.298426177599914,
        16.344566345214844
    ],
    "15": [
        46.2974773595,
        16.346068382263184
    ],
    "16": [
        46.29626166228224,
        16.3511323928833
    ],
    "17": [
        46.29013808730295,
        16.378555297851562
    ],
    "18": [
        46.28174513696952,
        16.397395133972168
    ],
    "19": [
        46.28046977049575,
        16.41005516052246
    ],
    "20": [
        46.279817245936094,
        16.41657829284668
    ],
    "21": [
        46.27578328524238,
        16.428852081298828
    ],
    "22": [
        46.27160070361741,
        16.45374298095703
    ],
    "23": [
        46.26857480728649,
        16.47176742553711
    ],
    "24": [
        46.26379829765048,
        16.499061584472656
    ],
    "25": [
        46.26255218320991,
        16.516056060791016
    ],
    "26": [
        46.26062361692971,
        16.543564796447754
    ],
    "27": [
        46.259080715061536,
        16.5769100189209
    ],
    "28": [
        46.25819055961879,
        16.593561172485348
    ],
    "29": [
        46.25635085924368,
        16.611714363098145
    ],
    "30": [
        46.25522327044164,
        16.6182804107666
    ],
    "31": [
        46.250683007231416,
        16.626176834106445
    ],
    "32": [
        46.24418354504932,
        16.64304256439209
    ],
    "33": [
        46.23480396834965,
        16.669821739196777
    ],
    "34": [
        46.23311191198404,
        16.67454242706299
    ],
    "35": [
        46.2203159023942,
        16.691279411315918
    ],
    "36": [
        46.212832862940694,
        16.700849533081055
    ],
    "37": [
        46.20570521065299,
        16.72119140625
    ],
    "38": [
        46.19729933230869,
        16.74591064453125
    ],
    "39": [
        46.18874361985443,
        16.771831512451172
    ],
    "40": [
        46.188476232378456,
        16.773719787597656
    ],
    "41": [
        46.188803039116905,
        16.776723861694332
    ],
    "42": [
        46.18892187744912,
        16.778955459594727
    ],
    "43": [
        46.18684216954047,
        16.785778999328613
    ],
    "44": [
        46.17980028856933,
        16.805949211120605
    ],
    "45": [
        46.17355989349853,
        16.81878089904785
    ],
    "46": [
        46.171628199119695,
        16.82028293609619
    ],
    "47": [
        46.1699936354979,
        16.820154190063477
    ],
    "48": [
        46.1651788203841,
        16.816763877868652
    ]
}