{
    "0": [
        46.16461444631409,
        16.817734837532043
    ],
    "1": [
        46.16485594261294,
        16.81759536266327
    ],
    "2": [
        46.16511601436456,
        16.817697286605835
    ],
    "3": [
        46.16511972966641,
        16.817826032638546
    ],
    "4": [
        46.16504542358213,
        16.81809425354004
    ],
    "5": [
        46.163154299956005,
        16.824156045913693
    ],
    "6": [
        46.16305769857571,
        16.824188232421875
    ],
    "7": [
        46.16288678802587,
        16.8243545293808
    ],
    "8": [
        46.16241120804944,
        16.825400590896606
    ],
    "9": [
        46.161857598055036,
        16.826607584953308
    ],
    "10": [
        46.16418346566967,
        16.82856559753418
    ],
    "11": [
        46.16387137412981,
        16.829225420951843
    ],
    "12": [
        46.16362987350889,
        16.829606294631958
    ],
    "13": [
        46.16340694891784,
        16.829740405082703
    ],
    "14": [
        46.162823625296994,
        16.82959020137787
    ],
    "15": [
        46.16142288026222,
        16.828957200050354
    ],
    "16": [
        46.161177653325346,
        16.828705072402954
    ],
    "17": [
        46.16082838883133,
        16.82819008827209
    ],
    "18": [
        46.16064632454577,
        16.828141808509827
    ],
    "19": [
        46.16043081910265,
        16.828173995018005
    ],
    "20": [
        46.15973227841572,
        16.828474402427673
    ],
    "21": [
        46.159230661281555,
        16.828662157058716
    ],
    "22": [
        46.15881078564592,
        16.82856023311615
    ],
    "23": [
        46.15824227636071,
        16.828136444091797
    ],
    "24": [
        46.15806763507417,
        16.827970147132874
    ],
    "25": [
        46.15786326690737,
        16.8282812833786
    ],
    "26": [
        46.15751398137413,
        16.828672885894775
    ],
    "27": [
        46.15717212530112,
        16.82905912399292
    ],
    "28": [
        46.15692316356359,
        16.829702854156494
    ],
    "29": [
        46.15645778867015,
        16.831006407737732
    ],
    "30": [
        46.15639554753338,
        16.831229031085968
    ],
    "31": [
        46.15638997369679,
        16.831330955028534
    ],
    "32": [
        46.156519100765884,
        16.831562966108322
    ],
    "33": [
        46.156741124298534,
        16.831785589456555
    ],
    "34": [
        46.157132217965994,
        16.832150369882584
    ],
    "35": [
        46.15743223337598,
        16.832390427589417
    ],
    "36": [
        46.15720556783676,
        16.83484196662903
    ],
    "37": [
        46.15743223337598,
        16.836751699447632
    ],
    "38": [
        46.1610772823135,
        16.835957765579224
    ],
    "39": [
        46.16193928889307,
        16.835947036743164
    ],
    "40": [
        46.16203411036019,
        16.836161613464352
    ],
    "41": [
        46.162158579807475,
        16.836126744747162
    ],
    "42": [
        46.16220502355895,
        16.835952401161194
    ],
    "43": [
        46.16239079817273,
        16.83555543422699
    ],
    "44": [
        46.16295183369859,
        16.83403193950653
    ],
    "45": [
        46.16318033328308,
        16.833629608154297
    ],
    "46": [
        46.163308515561305,
        16.833533048629757
    ],
    "47": [
        46.16383610324323,
        16.83346062898636
    ],
    "48": [
        46.165036160605844,
        16.83344721794128
    ],
    "49": [
        46.16633092997945,
        16.833415031433105
    ],
    "50": [
        46.166934649900874,
        16.83345526456833
    ],
    "51": [
        46.167612665913346,
        16.83366447687149
    ],
    "52": [
        46.16826466794975,
        16.833876371383667
    ],
    "53": [
        46.1685414414063,
        16.83405339717865
    ],
    "54": [
        46.168779205411276,
        16.834345757961273
    ],
    "55": [
        46.16955750383272,
        16.83565467596054
    ],
    "56": [
        46.170216912731654,
        16.83640569448471
    ],
    "57": [
        46.170907890475746,
        16.83704674243927
    ],
    "58": [
        46.171870043950044,
        16.837926506996155
    ],
    "59": [
        46.17304949483996,
        16.83869630098343
    ],
    "60": [
        46.174345932934735,
        16.83957070112228
    ],
    "61": [
        46.17526151771435,
        16.840142011642456
    ],
    "62": [
        46.1754398948867,
        16.840372681617737
    ],
    "63": [
        46.17559033616946,
        16.840726733207703
    ],
    "64": [
        46.17603422841985,
        16.84190422296524
    ],
    "65": [
        46.17646325894698,
        16.842845678329468
    ],
    "66": [
        46.17689042887357,
        16.843594014644623
    ],
    "67": [
        46.17706315316258,
        16.8438783288002
    ],
    "68": [
        46.17714115750238,
        16.844071447849274
    ],
    "69": [
        46.17716344443629,
        16.844253838062286
    ],
    "70": [
        46.176968433458356,
        16.84458643198013
    ],
    "71": [
        46.176817995945726,
        16.844752728939053
    ],
    "72": [
        46.17668427336676,
        16.844648122787476
    ],
    "73": [
        46.17661741195533,
        16.844615936279297
    ],
    "74": [
        46.17633139277764,
        16.844905614852905
    ],
    "75": [
        46.17595622250984,
        16.84532940387726
    ],
    "76": [
        46.17572406140864,
        16.84491366147995
    ]
}