{
    "AUTOBUSNI KOLODVOR": {
        "X": 46.164699924263275,
        "Y": 16.817675828933716,
        "K-A": [
            "06:50",
            "08:10",
            "11:20",
            "12:10",
            "13:10",
            "13:30",
            "14:10",
            "18:15",
            "19:00",
            "19:35"
        ],
        "A-K": [
            "07-45",
            "08:50",
            "11:50",
            "12:30",
            "13:30",
            "13:50",
            "14:45",
            "18:40",
            "19:20"
        ],
        "FOTOGRAFIJA": "slike/autobusni.jpg"
    },
    "TRG MLADOSTI": {
        "X": 46.16200995953931,
        "Y": 16.82918518781662,
        "K-A": [
            "06:53",
            "08:13",
            "11:23",
            "12:13",
            "13:13",
            "13:33",
            "14:13",
            "18:18",
            "19:03",
            "19:37"
        ],
        "A-K": [
            "07:48",
            "08:53",
            "11:53",
            "12:33",
            "13:33",
            "13:53",
            "14:48",
            "18:43",
            "19:23"
        ],
        "FOTOGRAFIJA": "slike/mladosti.jpg"
    },
    "BOLNICA": {
        "X": 46.16115164434369,
        "Y": 16.83603823184967,
        "K-A": [
            "06:57",
            "08:17",
            "11:27",
            "12:17",
            "13:17",
            "13:37",
            "14:19",
            "18:20",
            "19:07",
            "19:41"
        ],
        "A-K": [
            "07:54",
            "08:59",
            "11:59",
            "12:39",
            "13:39",
            "13:59",
            "14:54",
            "18:49",
            "19:29"
        ],
        "FOTOGRAFIJA": "slike/bolnica.jpg"
    },
    "STADION": {
        "X": 46.16720768959876,
        "Y": 16.83357059955597,
        "K-A": [
            "07:02",
            "08:22",
            "11:32",
            "12:22",
            "13:23",
            "13:42",
            "14:23",
            "18:25",
            "19:13",
            "19:46"
        ],
        "A-K": [
            "07:58",
            "09:03",
            "12:03",
            "12:43",
            "13:43",
            "14:03",
            "14:59",
            "18:54",
            "19:32"
        ],
        "FOTOGRAFIJA": "slike/stadion.jpg"
    },
    "KAMPUS": {
        "X": 46.17588190577775,
        "Y": 16.845200657844543,
        "K-A": [
            "07:06",
            "08:26",
            "11:36",
            "12:26",
            "13:27",
            "13:46",
            "14:26",
            "18:29",
            "19:16",
            "19:49"
        ],
        "A-K": [
            "08:02",
            "09:07",
            "12:07",
            "12:47",
            "13:47",
            "14:07",
            "15:03",
            "18:58",
            "19:34"
        ],
        "FOTOGRAFIJA": "slike/kampus.jpg"
    }
}